"year","temp_C_conus","temp_C_global","slr_cm","scenario","model"
2000,0.180417071744,0.126964864,0,"ECS_3.0_REF","Hector_GCAM_v5.3"
2001,0.223880410089,0.157551309,0.272735624085158,"ECS_3.0_REF","Hector_GCAM_v5.3"
2002,0.264065859526,0.185831006,0.555227758468943,"ECS_3.0_REF","Hector_GCAM_v5.3"
2003,0.298638944415,0.210161115,0.845849557103652,"ECS_3.0_REF","Hector_GCAM_v5.3"
2004,0.327760922678,0.230655118,1.14302865555777,"ECS_3.0_REF","Hector_GCAM_v5.3"
2005,0.347328257514,0.244425234,1.44405325215841,"ECS_3.0_REF","Hector_GCAM_v5.3"
2006,0.351570275028,0.247410468,1.74461206792488,"ECS_3.0_REF","Hector_GCAM_v5.3"
2007,0.34980262492,0.24616652,2.04302581077159,"ECS_3.0_REF","Hector_GCAM_v5.3"
2008,0.352726443258,0.248224098,2.34061981094891,"ECS_3.0_REF","Hector_GCAM_v5.3"
2009,0.371771300551,0.261626531,2.64191062305959,"ECS_3.0_REF","Hector_GCAM_v5.3"
2010,0.377408555335,0.265593635,2.9431245414384,"ECS_3.0_REF","Hector_GCAM_v5.3"
2011,0.384975278023,0.270918563,3.2448019977421,"ECS_3.0_REF","Hector_GCAM_v5.3"
2012,0.396146513574,0.278780094,3.54794911946606,"ECS_3.0_REF","Hector_GCAM_v5.3"
2013,0.409675689738,0.288300978,3.85321736843476,"ECS_3.0_REF","Hector_GCAM_v5.3"
2014,0.424862084416,0.298988096,4.16105834845055,"ECS_3.0_REF","Hector_GCAM_v5.3"
2015,0.441356488279,0.310595699,4.47182333323625,"ECS_3.0_REF","Hector_GCAM_v5.3"
2016,0.461098857632,0.324488992,4.78640452130228,"ECS_3.0_REF","Hector_GCAM_v5.3"
2017,0.483524326502,0.340270462,5.10553089220884,"ECS_3.0_REF","Hector_GCAM_v5.3"
2018,0.507932898921,0.357447501,5.42973132521499,"ECS_3.0_REF","Hector_GCAM_v5.3"
2019,0.533891186941,0.375715121,5.75941036597009,"ECS_3.0_REF","Hector_GCAM_v5.3"
2020,0.561114982036,0.394873316,6.09489069253679,"ECS_3.0_REF","Hector_GCAM_v5.3"
2021,0.589417422706,0.414790586,6.43644083080939,"ECS_3.0_REF","Hector_GCAM_v5.3"
2022,0.618717352799,0.435409819,6.78430504992626,"ECS_3.0_REF","Hector_GCAM_v5.3"
2023,0.649000604945,0.456721045,7.1387222501041,"ECS_3.0_REF","Hector_GCAM_v5.3"
2024,0.680246721007,0.478709867,7.49992423287083,"ECS_3.0_REF","Hector_GCAM_v5.3"
2025,0.712428270001,0.501356981,7.86813379034306,"ECS_3.0_REF","Hector_GCAM_v5.3"
2026,0.7452857958,0.5244798,8.24349981916758,"ECS_3.0_REF","Hector_GCAM_v5.3"
2027,0.778833732922,0.548088482,8.62617440011599,"ECS_3.0_REF","Hector_GCAM_v5.3"
2028,0.813104576795,0.572205895,9.01631783456677,"ECS_3.0_REF","Hector_GCAM_v5.3"
2029,0.848108994866,0.596839546,9.414092488173,"ECS_3.0_REF","Hector_GCAM_v5.3"
2030,0.883846870613,0.621989353,9.81965976084476,"ECS_3.0_REF","Hector_GCAM_v5.3"
2031,0.920082671865,0.647489565,10.2331142055476,"ECS_3.0_REF","Hector_GCAM_v5.3"
2032,0.956771780643,0.673308783,10.6545373444252,"ECS_3.0_REF","Hector_GCAM_v5.3"
2033,0.993887830292,0.699428452,11.0840028517627,"ECS_3.0_REF","Hector_GCAM_v5.3"
2034,1.031406189198,0.725831238,11.5215770846826,"ECS_3.0_REF","Hector_GCAM_v5.3"
2035,1.069307200668,0.752503308,11.967320517549,"ECS_3.0_REF","Hector_GCAM_v5.3"
2036,1.1075069376,0.7793856,12.4212697881511,"ECS_3.0_REF","Hector_GCAM_v5.3"
2037,1.145973993052,0.806456012,12.8834525337299,"ECS_3.0_REF","Hector_GCAM_v5.3"
2038,1.184680684523,0.833695063,13.3538884850798,"ECS_3.0_REF","Hector_GCAM_v5.3"
2039,1.223606039474,0.861087994,13.8325913899331,"ECS_3.0_REF","Hector_GCAM_v5.3"
2040,1.262735241138,0.888624378,14.3195707701865,"ECS_3.0_REF","Hector_GCAM_v5.3"
2041,1.302058042684,0.916297004,14.8148332251947,"ECS_3.0_REF","Hector_GCAM_v5.3"
2042,1.341609969112,0.944130872,15.318395258918,"ECS_3.0_REF","Hector_GCAM_v5.3"
2043,1.381423204651,0.972148631,15.8302822880043,"ECS_3.0_REF","Hector_GCAM_v5.3"
2044,1.421516284825,1.000363325,16.3505247706469,"ECS_3.0_REF","Hector_GCAM_v5.3"
2045,1.461899095531,1.028781911,16.8791557568031,"ECS_3.0_REF","Hector_GCAM_v5.3"
2046,1.502576722528,1.057407968,17.4162095298649,"ECS_3.0_REF","Hector_GCAM_v5.3"
2047,1.543514631253,1.086217193,17.9617105108667,"ECS_3.0_REF","Hector_GCAM_v5.3"
2048,1.584671528867,1.115180527,18.5156714236986,"ECS_3.0_REF","Hector_GCAM_v5.3"
2049,1.626018486652,1.144277612,19.0780968227294,"ECS_3.0_REF","Hector_GCAM_v5.3"
2050,1.667535575083,1.173494423,19.6489856583992,"ECS_3.0_REF","Hector_GCAM_v5.3"
2051,1.70925860336,1.20285616,20.2283469092532,"ECS_3.0_REF","Hector_GCAM_v5.3"
2052,1.751140989682,1.232330042,20.8161764651988,"ECS_3.0_REF","Hector_GCAM_v5.3"
2053,1.793141067487,1.261886747,21.4124585783761,"ECS_3.0_REF","Hector_GCAM_v5.3"
2054,1.835232315231,1.291507611,22.01717016874,"ECS_3.0_REF","Hector_GCAM_v5.3"
2055,1.877397214826,1.321180306,22.630283386034,"ECS_3.0_REF","Hector_GCAM_v5.3"
2056,1.919697116526,1.350948006,23.2517877104144,"ECS_3.0_REF","Hector_GCAM_v5.3"
2057,1.962114388563,1.380798303,23.8816677478249,"ECS_3.0_REF","Hector_GCAM_v5.3"
2058,2.004629655602,1.410717562,24.5199027700298,"ECS_3.0_REF","Hector_GCAM_v5.3"
2059,2.047231512697,1.440697757,25.1664689759763,"ECS_3.0_REF","Hector_GCAM_v5.3"
2060,2.08991311347,1.47073407,25.8213407852795,"ECS_3.0_REF","Hector_GCAM_v5.3"
2061,2.132688102363,1.500836103,26.4844965832989,"ECS_3.0_REF","Hector_GCAM_v5.3"
2062,2.175544729127,1.530995587,27.1559115910297,"ECS_3.0_REF","Hector_GCAM_v5.3"
2063,2.218472305,1.561205,27.8355581803714,"ECS_3.0_REF","Hector_GCAM_v5.3"
2064,2.261464270646,1.591459726,28.5234070462216,"ECS_3.0_REF","Hector_GCAM_v5.3"
2065,2.304516527901,1.621756881,29.2194279049323,"ECS_3.0_REF","Hector_GCAM_v5.3"
2066,2.347608681152,1.652082112,29.9235849386992,"ECS_3.0_REF","Hector_GCAM_v5.3"
2067,2.390741141068,1.682435708,30.6358426505074,"ECS_3.0_REF","Hector_GCAM_v5.3"
2068,2.433919799115,1.712821815,31.3561673962212,"ECS_3.0_REF","Hector_GCAM_v5.3"
2069,2.477149000711,1.743243491,32.0845269412363,"ECS_3.0_REF","Hector_GCAM_v5.3"
2070,2.52043193458,1.77370298,32.8208901286507,"ECS_3.0_REF","Hector_GCAM_v5.3"
2071,2.563771550718,1.804202358,33.565226806257,"ECS_3.0_REF","Hector_GCAM_v5.3"
2072,2.60716409058,1.83473898,34.317505943221,"ECS_3.0_REF","Hector_GCAM_v5.3"
2073,2.650602798732,1.865308092,35.0776947963798,"ECS_3.0_REF","Hector_GCAM_v5.3"
2074,2.694083287126,1.895906606,35.8457595826527,"ECS_3.0_REF","Hector_GCAM_v5.3"
2075,2.737603091748,1.926532788,36.6216660235054,"ECS_3.0_REF","Hector_GCAM_v5.3"
2076,2.781514431605,1.957434505,37.4054786144016,"ECS_3.0_REF","Hector_GCAM_v5.3"
2077,2.825736080916,1.988554596,38.1972387471504,"ECS_3.0_REF","Hector_GCAM_v5.3"
2078,2.870149778377,2.019809837,38.9969544774009,"ECS_3.0_REF","Hector_GCAM_v5.3"
2079,2.914681519729,2.051148149,39.8046131026316,"ECS_3.0_REF","Hector_GCAM_v5.3"
2080,2.959283384589,2.082535809,40.6201885816524,"ECS_3.0_REF","Hector_GCAM_v5.3"
2081,3.003682526747,2.113780807,41.4435786603417,"ECS_3.0_REF","Hector_GCAM_v5.3"
2082,3.047888645949,2.144889969,42.274684386958,"ECS_3.0_REF","Hector_GCAM_v5.3"
2083,3.091939663001,2.175889981,43.1134179915047,"ECS_3.0_REF","Hector_GCAM_v5.3"
2084,3.135856458077,2.206795537,43.9596980522361,"ECS_3.0_REF","Hector_GCAM_v5.3"
2085,3.179651750548,2.237615588,44.8134471751743,"ECS_3.0_REF","Hector_GCAM_v5.3"
2086,3.223295149487,2.268328747,45.6745799055047,"ECS_3.0_REF","Hector_GCAM_v5.3"
2087,3.266789813777,2.298937237,46.5430121636259,"ECS_3.0_REF","Hector_GCAM_v5.3"
2088,3.310141136113,2.329444853,47.4186618624332,"ECS_3.0_REF","Hector_GCAM_v5.3"
2089,3.353353437756,2.359854636,48.3014485960001,"ECS_3.0_REF","Hector_GCAM_v5.3"
2090,3.396430556827,2.390169287,49.1912934946984,"ECS_3.0_REF","Hector_GCAM_v5.3"
2091,3.439320872659,2.420352479,50.0881036948882,"ECS_3.0_REF","Hector_GCAM_v5.3"
2092,3.482035038489,2.450411709,50.9917898481987,"ECS_3.0_REF","Hector_GCAM_v5.3"
2093,3.524587554201,2.480357181,51.9022671779022,"ECS_3.0_REF","Hector_GCAM_v5.3"
2094,3.566988257378,2.510195818,52.8194541477829,"ECS_3.0_REF","Hector_GCAM_v5.3"
2095,3.609244659426,2.539932906,53.7432717924767,"ECS_3.0_REF","Hector_GCAM_v5.3"
2096,3.651344789841,2.569560021,54.6736382502133,"ECS_3.0_REF","Hector_GCAM_v5.3"
2097,3.693295715256,2.599082136,55.6104741074642,"ECS_3.0_REF","Hector_GCAM_v5.3"
2098,3.735105344957,2.628504817,56.5537026207097,"ECS_3.0_REF","Hector_GCAM_v5.3"
2099,3.77677971251,2.65783231,57.5032491761282,"ECS_3.0_REF","Hector_GCAM_v5.3"
2100,3.818323920726,2.687068206,58.4590410168621,"ECS_3.0_REF","Hector_GCAM_v5.3"
2000,0.180417071744,0.126964864,0,"ECS_3.0_REF_20","Hector_GCAM_v5.3"
2001,0.223880410089,0.157551309,0.272735624085158,"ECS_3.0_REF_20","Hector_GCAM_v5.3"
2002,0.264065859526,0.185831006,0.555227758468943,"ECS_3.0_REF_20","Hector_GCAM_v5.3"
2003,0.298638944415,0.210161115,0.845849557103652,"ECS_3.0_REF_20","Hector_GCAM_v5.3"
2004,0.327760922678,0.230655118,1.14302865555777,"ECS_3.0_REF_20","Hector_GCAM_v5.3"
2005,0.347328257514,0.244425234,1.44405325215841,"ECS_3.0_REF_20","Hector_GCAM_v5.3"
2006,0.351570275028,0.247410468,1.74461206792488,"ECS_3.0_REF_20","Hector_GCAM_v5.3"
2007,0.34980262492,0.24616652,2.04302581077159,"ECS_3.0_REF_20","Hector_GCAM_v5.3"
2008,0.352726443258,0.248224098,2.34061981094891,"ECS_3.0_REF_20","Hector_GCAM_v5.3"
2009,0.371771300551,0.261626531,2.64191062305959,"ECS_3.0_REF_20","Hector_GCAM_v5.3"
2010,0.377408555335,0.265593635,2.9431245414384,"ECS_3.0_REF_20","Hector_GCAM_v5.3"
2011,0.384975278023,0.270918563,3.2448019977421,"ECS_3.0_REF_20","Hector_GCAM_v5.3"
2012,0.396146513574,0.278780094,3.54794911946606,"ECS_3.0_REF_20","Hector_GCAM_v5.3"
2013,0.409675689738,0.288300978,3.85321736843476,"ECS_3.0_REF_20","Hector_GCAM_v5.3"
2014,0.424862084416,0.298988096,4.16105834845055,"ECS_3.0_REF_20","Hector_GCAM_v5.3"
2015,0.441356488279,0.310595699,4.47182333323625,"ECS_3.0_REF_20","Hector_GCAM_v5.3"
2016,0.461098857632,0.324488992,4.78640452130228,"ECS_3.0_REF_20","Hector_GCAM_v5.3"
2017,0.483524326502,0.340270462,5.10553089220884,"ECS_3.0_REF_20","Hector_GCAM_v5.3"
2018,0.507932898921,0.357447501,5.42973132521499,"ECS_3.0_REF_20","Hector_GCAM_v5.3"
2019,0.533891186941,0.375715121,5.75941036597009,"ECS_3.0_REF_20","Hector_GCAM_v5.3"
2020,0.561114982036,0.394873316,6.09489069253679,"ECS_3.0_REF_20","Hector_GCAM_v5.3"
2021,0.589417422706,0.414790586,6.43644083080939,"ECS_3.0_REF_20","Hector_GCAM_v5.3"
2022,0.618717352799,0.435409819,6.78430504992626,"ECS_3.0_REF_20","Hector_GCAM_v5.3"
2023,0.649000604945,0.456721045,7.1387222501041,"ECS_3.0_REF_20","Hector_GCAM_v5.3"
2024,0.680246721007,0.478709867,7.49992423287083,"ECS_3.0_REF_20","Hector_GCAM_v5.3"
2025,0.712428270001,0.501356981,7.86813379034306,"ECS_3.0_REF_20","Hector_GCAM_v5.3"
2026,0.7452857958,0.5244798,8.24349981916758,"ECS_3.0_REF_20","Hector_GCAM_v5.3"
2027,0.778781747058,0.548051898,8.62615985061714,"ECS_3.0_REF_20","Hector_GCAM_v5.3"
2028,0.812858721059,0.572032879,9.01623456002366,"ECS_3.0_REF_20","Hector_GCAM_v5.3"
2029,0.847463700293,0.596385433,9.41382909095715,"ECS_3.0_REF_20","Hector_GCAM_v5.3"
2030,0.88255499262,0.62108022,9.81903631416693,"ECS_3.0_REF_20","Hector_GCAM_v5.3"
2031,0.917868607502,0.645931462,10.2318746825426,"ECS_3.0_REF_20","Hector_GCAM_v5.3"
2032,0.953350937714,0.670901434,10.6523475396512,"ECS_3.0_REF_20","Hector_GCAM_v5.3"
2033,0.988980509104,0.695975024,11.0804521997886,"ECS_3.0_REF_20","Hector_GCAM_v5.3"
2034,1.024736377553,0.721137493,11.5161801309728,"ECS_3.0_REF_20","Hector_GCAM_v5.3"
2035,1.060580024014,0.746361734,11.9595120697754,"ECS_3.0_REF_20","Hector_GCAM_v5.3"
2036,1.096468460395,0.771617495,12.4104168322268,"ECS_3.0_REF_20","Hector_GCAM_v5.3"
2037,1.132373319273,0.796884813,12.8688554742718,"ECS_3.0_REF_20","Hector_GCAM_v5.3"
2038,1.168274281769,0.822149389,13.3347835889473,"ECS_3.0_REF_20","Hector_GCAM_v5.3"
2039,1.204160781327,0.847403787,13.8081540672014,"ECS_3.0_REF_20","Hector_GCAM_v5.3"
2040,1.240027432357,0.872644217,14.2889185634406,"ECS_3.0_REF_20","Hector_GCAM_v5.3"
2041,1.275872003889,0.897869109,14.7770283855335,"ECS_3.0_REF_20","Hector_GCAM_v5.3"
2042,1.311736010438,0.923107678,15.272446740032,"ECS_3.0_REF_20","Hector_GCAM_v5.3"
2043,1.347656152171,0.948385751,15.7751473163763,"ECS_3.0_REF_20","Hector_GCAM_v5.3"
2044,1.383655278768,0.973719408,16.2851103502557,"ECS_3.0_REF_20","Hector_GCAM_v5.3"
2045,1.419747493654,0.999118574,16.802320138136,"ECS_3.0_REF_20","Hector_GCAM_v5.3"
2046,1.455941966542,1.024589702,17.3267636331028,"ECS_3.0_REF_20","Hector_GCAM_v5.3"
2047,1.492217959358,1.050118198,17.8584220591779,"ECS_3.0_REF_20","Hector_GCAM_v5.3"
2048,1.528555042385,1.075689685,18.397271030546,"ECS_3.0_REF_20","Hector_GCAM_v5.3"
2049,1.564940139581,1.101294961,18.9432826418984,"ECS_3.0_REF_20","Hector_GCAM_v5.3"
2050,1.601364916781,1.126928161,19.496426815789,"ECS_3.0_REF_20","Hector_GCAM_v5.3"
2051,1.637874189483,1.152620823,20.0566861903339,"ECS_3.0_REF_20","Hector_GCAM_v5.3"
2052,1.674427625444,1.178344564,20.6240322154825,"ECS_3.0_REF_20","Hector_GCAM_v5.3"
2053,1.710987816839,1.204073059,21.1984260357869,"ECS_3.0_REF_20","Hector_GCAM_v5.3"
2054,1.747532093034,1.229790354,21.7798226741864,"ECS_3.0_REF_20","Hector_GCAM_v5.3"
2055,1.784046528229,1.255486649,22.3681735146422,"ECS_3.0_REF_20","Hector_GCAM_v5.3"
2056,1.820582122114,1.281197834,22.9634444940168,"ECS_3.0_REF_20","Hector_GCAM_v5.3"
2057,1.857148558804,1.306930724,23.5656044552755,"ECS_3.0_REF_20","Hector_GCAM_v5.3"
2058,1.8937227911,1.3326691,24.1746159701365,"ECS_3.0_REF_20","Hector_GCAM_v5.3"
2059,1.930286861825,1.358400325,24.7904367996778,"ECS_3.0_REF_20","Hector_GCAM_v5.3"
2060,1.96683361056,1.38411936,25.4130229437183,"ECS_3.0_REF_20","Hector_GCAM_v5.3"
2061,2.003378313055,1.409836955,26.0423349302433,"ECS_3.0_REF_20","Hector_GCAM_v5.3"
2062,2.039913456483,1.435547823,26.6783314114468,"ECS_3.0_REF_20","Hector_GCAM_v5.3"
2063,2.076434250653,1.461248593,27.3209699365079,"ECS_3.0_REF_20","Hector_GCAM_v5.3"
2064,2.112938835476,1.486937956,27.9702077779895,"ECS_3.0_REF_20","Hector_GCAM_v5.3"
2065,2.149426790336,1.512615616,28.6260023362993,"ECS_3.0_REF_20","Hector_GCAM_v5.3"
2066,2.185880757718,1.538269358,29.2883063987549,"ECS_3.0_REF_20","Hector_GCAM_v5.3"
2067,2.222300547208,1.563899048,29.9570729707236,"ECS_3.0_REF_20","Hector_GCAM_v5.3"
2068,2.258688762078,1.589506518,30.6322560562499,"ECS_3.0_REF_20","Hector_GCAM_v5.3"
2069,2.295047771135,1.615093435,31.3138105866948,"ECS_3.0_REF_20","Hector_GCAM_v5.3"
2070,2.331379941765,1.640661465,32.0016924150089,"ECS_3.0_REF_20","Hector_GCAM_v5.3"
2071,2.367688067654,1.666212574,32.6958584297465,"ECS_3.0_REF_20","Hector_GCAM_v5.3"
2072,2.403972864986,1.691747266,33.3962659676743,"ECS_3.0_REF_20","Hector_GCAM_v5.3"
2073,2.440235452088,1.717266328,34.1028729237454,"ECS_3.0_REF_20","Hector_GCAM_v5.3"
2074,2.476477484425,1.742770925,34.815637898222,"ECS_3.0_REF_20","Hector_GCAM_v5.3"
2075,2.512700917293,1.768262433,35.5345202765369,"ECS_3.0_REF_20","Hector_GCAM_v5.3"
2076,2.549261419887,1.793991147,36.2595792201536,"ECS_3.0_REF_20","Hector_GCAM_v5.3"
2077,2.586096544941,1.819913121,36.9908560731567,"ECS_3.0_REF_20","Hector_GCAM_v5.3"
2078,2.623118237348,1.845966388,37.7283672976785,"ECS_3.0_REF_20","Hector_GCAM_v5.3"
2079,2.660274757077,1.872114537,38.472114780549,"ECS_3.0_REF_20","Hector_GCAM_v5.3"
2080,2.697533567491,1.898334671,39.2220912915955,"ECS_3.0_REF_20","Hector_GCAM_v5.3"
2081,2.734632957336,1.924442616,39.9782163959909,"ECS_3.0_REF_20","Hector_GCAM_v5.3"
2082,2.771589303637,1.950449897,40.7404147046873,"ECS_3.0_REF_20","Hector_GCAM_v5.3"
2083,2.808443974546,1.976385626,41.5086228397874,"ECS_3.0_REF_20","Hector_GCAM_v5.3"
2084,2.845220548716,2.002266396,42.2827843866941,"ECS_3.0_REF_20","Hector_GCAM_v5.3"
2085,2.881933985014,2.028102734,43.0628474416366,"ECS_3.0_REF_20","Hector_GCAM_v5.3"
2086,2.918555674447,2.053874507,43.8487523922287,"ECS_3.0_REF_20","Hector_GCAM_v5.3"
2087,2.95509292806,2.07958686,44.6404420148607,"ECS_3.0_REF_20","Hector_GCAM_v5.3"
2088,2.991557039961,2.105247741,45.4378625757276,"ECS_3.0_REF_20","Hector_GCAM_v5.3"
2089,3.027956651251,2.130863231,46.240963068264,"ECS_3.0_REF_20","Hector_GCAM_v5.3"
2090,3.064298498891,2.156438071,47.0496946645516,"ECS_3.0_REF_20","Hector_GCAM_v5.3"
2091,3.100532928878,2.181937318,47.863994920425,"ECS_3.0_REF_20","Hector_GCAM_v5.3"
2092,3.136672691845,2.207369945,48.6838053191704,"ECS_3.0_REF_20","Hector_GCAM_v5.3"
2093,3.172734493068,2.232747708,49.5090723557556,"ECS_3.0_REF_20","Hector_GCAM_v5.3"
2094,3.208729645128,2.258078568,50.3397459987521,"ECS_3.0_REF_20","Hector_GCAM_v5.3"
2095,3.244666523399,2.283368419,51.1757788483231,"ECS_3.0_REF_20","Hector_GCAM_v5.3"
2096,3.28053358794,2.30860914,52.017120547318,"ECS_3.0_REF_20","Hector_GCAM_v5.3"
2097,3.316338095798,2.333805838,52.8637230590592,"ECS_3.0_REF_20","Hector_GCAM_v5.3"
2098,3.352087970469,2.358964089,53.7155408405277,"ECS_3.0_REF_20","Hector_GCAM_v5.3"
2099,3.387789021001,2.384087981,54.572530236253,"ECS_3.0_REF_20","Hector_GCAM_v5.3"
2100,3.42344595943,2.40918083,55.434649160439,"ECS_3.0_REF_20","Hector_GCAM_v5.3"
2000,0.180417071744,0.126964864,0,"ECS_3.0_REF_30","Hector_GCAM_v5.3"
2001,0.223880410089,0.157551309,0.272735624085158,"ECS_3.0_REF_30","Hector_GCAM_v5.3"
2002,0.264065859526,0.185831006,0.555227758468943,"ECS_3.0_REF_30","Hector_GCAM_v5.3"
2003,0.298638944415,0.210161115,0.845849557103652,"ECS_3.0_REF_30","Hector_GCAM_v5.3"
2004,0.327760922678,0.230655118,1.14302865555777,"ECS_3.0_REF_30","Hector_GCAM_v5.3"
2005,0.347328257514,0.244425234,1.44405325215841,"ECS_3.0_REF_30","Hector_GCAM_v5.3"
2006,0.351570275028,0.247410468,1.74461206792488,"ECS_3.0_REF_30","Hector_GCAM_v5.3"
2007,0.34980262492,0.24616652,2.04302581077159,"ECS_3.0_REF_30","Hector_GCAM_v5.3"
2008,0.352726443258,0.248224098,2.34061981094891,"ECS_3.0_REF_30","Hector_GCAM_v5.3"
2009,0.371771300551,0.261626531,2.64191062305959,"ECS_3.0_REF_30","Hector_GCAM_v5.3"
2010,0.377408555335,0.265593635,2.9431245414384,"ECS_3.0_REF_30","Hector_GCAM_v5.3"
2011,0.384975278023,0.270918563,3.2448019977421,"ECS_3.0_REF_30","Hector_GCAM_v5.3"
2012,0.396146513574,0.278780094,3.54794911946606,"ECS_3.0_REF_30","Hector_GCAM_v5.3"
2013,0.409675689738,0.288300978,3.85321736843476,"ECS_3.0_REF_30","Hector_GCAM_v5.3"
2014,0.424862084416,0.298988096,4.16105834845055,"ECS_3.0_REF_30","Hector_GCAM_v5.3"
2015,0.441356488279,0.310595699,4.47182333323625,"ECS_3.0_REF_30","Hector_GCAM_v5.3"
2016,0.461098857632,0.324488992,4.78640452130228,"ECS_3.0_REF_30","Hector_GCAM_v5.3"
2017,0.483524326502,0.340270462,5.10553089220884,"ECS_3.0_REF_30","Hector_GCAM_v5.3"
2018,0.507932898921,0.357447501,5.42973132521499,"ECS_3.0_REF_30","Hector_GCAM_v5.3"
2019,0.533891186941,0.375715121,5.75941036597009,"ECS_3.0_REF_30","Hector_GCAM_v5.3"
2020,0.561114982036,0.394873316,6.09489069253679,"ECS_3.0_REF_30","Hector_GCAM_v5.3"
2021,0.589417422706,0.414790586,6.43644083080939,"ECS_3.0_REF_30","Hector_GCAM_v5.3"
2022,0.618717352799,0.435409819,6.78430504992626,"ECS_3.0_REF_30","Hector_GCAM_v5.3"
2023,0.649000604945,0.456721045,7.1387222501041,"ECS_3.0_REF_30","Hector_GCAM_v5.3"
2024,0.680246721007,0.478709867,7.49992423287083,"ECS_3.0_REF_30","Hector_GCAM_v5.3"
2025,0.712428270001,0.501356981,7.86813379034306,"ECS_3.0_REF_30","Hector_GCAM_v5.3"
2026,0.7452857958,0.5244798,8.24349981916758,"ECS_3.0_REF_30","Hector_GCAM_v5.3"
2027,0.778772770601,0.548045581,8.62615733833898,"ECS_3.0_REF_30","Hector_GCAM_v5.3"
2028,0.812816267263,0.572003003,9.01622018046434,"ECS_3.0_REF_30","Hector_GCAM_v5.3"
2029,0.847352249842,0.596307002,9.41378360194012,"ECS_3.0_REF_30","Hector_GCAM_v5.3"
2030,0.882331821728,0.620923168,9.81892862682011,"ECS_3.0_REF_30","Hector_GCAM_v5.3"
2031,0.917486025988,0.645662228,10.2316605394173,"ECS_3.0_REF_30","Hector_GCAM_v5.3"
2032,0.952757751211,0.670483991,10.6519686096727,"ECS_3.0_REF_30","Hector_GCAM_v5.3"
2033,0.988123020864,0.695371584,11.0798354587869,"ECS_3.0_REF_30","Hector_GCAM_v5.3"
2034,1.023559120262,0.720309022,11.5152374505906,"ECS_3.0_REF_30","Hector_GCAM_v5.3"
2035,1.059027280262,0.745269022,11.9581402342782,"ECS_3.0_REF_30","Hector_GCAM_v5.3"
2036,1.094481791557,0.770219417,12.4084968636141,"ECS_3.0_REF_30","Hector_GCAM_v5.3"
2037,1.129894319407,0.795140267,12.866252732012,"ECS_3.0_REF_30","Hector_GCAM_v5.3"
2038,1.165244678507,0.820017367,13.3313478973764,"ECS_3.0_REF_30","Hector_GCAM_v5.3"
2039,1.200522319353,0.844843293,13.8037198095774,"ECS_3.0_REF_30","Hector_GCAM_v5.3"
2040,1.235721951562,0.869614322,14.2833047973317,"ECS_3.0_REF_30","Hector_GCAM_v5.3"
2041,1.270841554472,0.894329032,14.7700389897563,"ECS_3.0_REF_30","Hector_GCAM_v5.3"
2042,1.305922963744,0.919016864,15.2638705917661,"ECS_3.0_REF_30","Hector_GCAM_v5.3"
2043,1.341003304424,0.943703944,15.7647584962935,"ECS_3.0_REF_30","Hector_GCAM_v5.3"
2044,1.376105913595,0.968406695,16.2726683639689,"ECS_3.0_REF_30","Hector_GCAM_v5.3"
2045,1.411245438925,0.993135425,16.787570152283,"ECS_3.0_REF_30","Hector_GCAM_v5.3"
2046,1.446431629895,1.017896995,17.3094367200168,"ECS_3.0_REF_30","Hector_GCAM_v5.3"
2047,1.481644348093,1.042677233,17.8382354457188,"ECS_3.0_REF_30","Hector_GCAM_v5.3"
2048,1.516863767727,1.067462187,18.3739283466953,"ECS_3.0_REF_30","Hector_GCAM_v5.3"
2049,1.552077442258,1.092243098,18.9164741750836,"ECS_3.0_REF_30","Hector_GCAM_v5.3"
2050,1.587277678392,1.117014552,19.4658297669283,"ECS_3.0_REF_30","Hector_GCAM_v5.3"
2051,1.622509953813,1.141808553,20.0219649343747,"ECS_3.0_REF_30","Hector_GCAM_v5.3"
2052,1.657734584254,1.166597174,20.5848385564656,"ECS_3.0_REF_30","Hector_GCAM_v5.3"
2053,1.692914812708,1.191354548,21.1543994612402,"ECS_3.0_REF_30","Hector_GCAM_v5.3"
2054,1.728028617938,1.216065178,21.7305906076589,"ECS_3.0_REF_30","Hector_GCAM_v5.3"
2055,1.763062727804,1.240719724,22.3133515679798,"ECS_3.0_REF_30","Hector_GCAM_v5.3"
2056,1.798071207093,1.265356233,22.902637393087,"ECS_3.0_REF_30","Hector_GCAM_v5.3"
2057,1.833059555075,1.289978575,23.4984049313005,"ECS_3.0_REF_30","Hector_GCAM_v5.3"
2058,1.868006938469,1.314572089,24.1006054482463,"ECS_3.0_REF_30","Hector_GCAM_v5.3"
2059,1.90289699446,1.33912526,24.7091859101089,"ECS_3.0_REF_30","Hector_GCAM_v5.3"
2060,1.937723315759,1.363633579,25.3240917946343,"ECS_3.0_REF_30","Hector_GCAM_v5.3"
2061,1.972501773515,1.388108215,25.9452733348436,"ECS_3.0_REF_30","Hector_GCAM_v5.3"
2062,2.007225460247,1.412544307,26.572679116554,"ECS_3.0_REF_30","Hector_GCAM_v5.3"
2063,2.041890216688,1.436938928,27.2062568569996,"ECS_3.0_REF_30","Hector_GCAM_v5.3"
2064,2.076494800884,1.461291204,27.8459542263037,"ECS_3.0_REF_30","Hector_GCAM_v5.3"
2065,2.111039398986,1.485601266,28.4917192474392,"ECS_3.0_REF_30","Hector_GCAM_v5.3"
2066,2.145507255983,1.509857323,29.1434955528078,"ECS_3.0_REF_30","Hector_GCAM_v5.3"
2067,2.179898771176,1.534059656,29.8012272105211,"ECS_3.0_REF_30","Hector_GCAM_v5.3"
2068,2.214217127605,1.558210505,30.4648595009934,"ECS_3.0_REF_30","Hector_GCAM_v5.3"
2069,2.248465263898,1.582311938,31.1343388415696,"ECS_3.0_REF_30","Hector_GCAM_v5.3"
2070,2.282646107315,1.606366015,31.8096127768097,"ECS_3.0_REF_30","Hector_GCAM_v5.3"
2071,2.316763000048,1.630375088,32.4906300881392,"ECS_3.0_REF_30","Hector_GCAM_v5.3"
2072,2.350817198261,1.654340041,33.1773402029154,"ECS_3.0_REF_30","Hector_GCAM_v5.3"
2073,2.384810348893,1.678262033,33.8696933000828,"ECS_3.0_REF_30","Hector_GCAM_v5.3"
2074,2.418744627495,1.702142595,34.5676404537988,"ECS_3.0_REF_30","Hector_GCAM_v5.3"
2075,2.452622502344,1.725983464,35.271133710215,"ECS_3.0_REF_30","Hector_GCAM_v5.3"
2076,2.48680014709,1.75003529,35.9802250748772,"ECS_3.0_REF_30","Hector_GCAM_v5.3"
2077,2.52120980419,1.77425039,36.6949472908693,"ECS_3.0_REF_30","Hector_GCAM_v5.3"
2078,2.555774685646,1.798574726,37.4153114221261,"ECS_3.0_REF_30","Hector_GCAM_v5.3"
2079,2.590443932447,1.822972507,38.141314234879,"ECS_3.0_REF_30","Hector_GCAM_v5.3"
2080,2.625180081349,1.847417369,38.8729420289558,"ECS_3.0_REF_30","Hector_GCAM_v5.3"
2081,2.659720862645,1.871724745,39.610107780417,"ECS_3.0_REF_30","Hector_GCAM_v5.3"
2082,2.694083287126,1.895906606,40.3527297263454,"ECS_3.0_REF_30","Hector_GCAM_v5.3"
2083,2.728309423497,1.919992557,41.1007383476727,"ECS_3.0_REF_30","Hector_GCAM_v5.3"
2084,2.762423475651,1.943999631,41.8540712989135,"ECS_3.0_REF_30","Hector_GCAM_v5.3"
2085,2.796440956645,1.967938745,42.6126709345972,"ECS_3.0_REF_30","Hector_GCAM_v5.3"
2086,2.83033376052,1.99179012,43.3764720744228,"ECS_3.0_REF_30","Hector_GCAM_v5.3"
2087,2.864109685724,2.015559244,44.1454120952768,"ECS_3.0_REF_30","Hector_GCAM_v5.3"
2088,2.897780510926,2.039254406,44.9194320304975,"ECS_3.0_REF_30","Hector_GCAM_v5.3"
2089,2.931355340473,2.062882013,45.6984758003882,"ECS_3.0_REF_30","Hector_GCAM_v5.3"
2090,2.964841353257,2.086447117,46.4824896567394,"ECS_3.0_REF_30","Hector_GCAM_v5.3"
2091,2.998189311628,2.109915068,47.2714063798992,"ECS_3.0_REF_30","Hector_GCAM_v5.3"
2092,3.031412368362,2.133295122,48.0651628176613,"ECS_3.0_REF_30","Hector_GCAM_v5.3"
2093,3.064527615247,2.156599307,48.8637009643173,"ECS_3.0_REF_30","Hector_GCAM_v5.3"
2094,3.097546747113,2.179835853,49.6669664206094,"ECS_3.0_REF_30","Hector_GCAM_v5.3"
2095,3.130478511636,2.203010916,50.474907548172,"ECS_3.0_REF_30","Hector_GCAM_v5.3"
2096,3.16331173123,2.22611663,51.2874698770988,"ECS_3.0_REF_30","Hector_GCAM_v5.3"
2097,3.19605401535,2.24915835,52.1046013802228,"ECS_3.0_REF_30","Hector_GCAM_v5.3"
2098,3.22871362569,2.27214189,52.9262526416226,"ECS_3.0_REF_30","Hector_GCAM_v5.3"
2099,3.261296708075,2.295071575,53.7523762494381,"ECS_3.0_REF_30","Hector_GCAM_v5.3"
2100,3.293808302792,2.317950952,54.5829264749415,"ECS_3.0_REF_30","Hector_GCAM_v5.3"
2000,0.180417071744,0.126964864,0,"ECS_3.0_REF_50","Hector_GCAM_v5.3"
2001,0.223880410089,0.157551309,0.272735624085158,"ECS_3.0_REF_50","Hector_GCAM_v5.3"
2002,0.264065859526,0.185831006,0.555227758468943,"ECS_3.0_REF_50","Hector_GCAM_v5.3"
2003,0.298638944415,0.210161115,0.845849557103652,"ECS_3.0_REF_50","Hector_GCAM_v5.3"
2004,0.327760922678,0.230655118,1.14302865555777,"ECS_3.0_REF_50","Hector_GCAM_v5.3"
2005,0.347328257514,0.244425234,1.44405325215841,"ECS_3.0_REF_50","Hector_GCAM_v5.3"
2006,0.351570275028,0.247410468,1.74461206792488,"ECS_3.0_REF_50","Hector_GCAM_v5.3"
2007,0.34980262492,0.24616652,2.04302581077159,"ECS_3.0_REF_50","Hector_GCAM_v5.3"
2008,0.352726443258,0.248224098,2.34061981094891,"ECS_3.0_REF_50","Hector_GCAM_v5.3"
2009,0.371771300551,0.261626531,2.64191062305959,"ECS_3.0_REF_50","Hector_GCAM_v5.3"
2010,0.377408555335,0.265593635,2.9431245414384,"ECS_3.0_REF_50","Hector_GCAM_v5.3"
2011,0.384975278023,0.270918563,3.2448019977421,"ECS_3.0_REF_50","Hector_GCAM_v5.3"
2012,0.396146513574,0.278780094,3.54794911946606,"ECS_3.0_REF_50","Hector_GCAM_v5.3"
2013,0.409675689738,0.288300978,3.85321736843476,"ECS_3.0_REF_50","Hector_GCAM_v5.3"
2014,0.424862084416,0.298988096,4.16105834845055,"ECS_3.0_REF_50","Hector_GCAM_v5.3"
2015,0.441356488279,0.310595699,4.47182333323625,"ECS_3.0_REF_50","Hector_GCAM_v5.3"
2016,0.461098857632,0.324488992,4.78640452130228,"ECS_3.0_REF_50","Hector_GCAM_v5.3"
2017,0.483524326502,0.340270462,5.10553089220884,"ECS_3.0_REF_50","Hector_GCAM_v5.3"
2018,0.507932898921,0.357447501,5.42973132521499,"ECS_3.0_REF_50","Hector_GCAM_v5.3"
2019,0.533891186941,0.375715121,5.75941036597009,"ECS_3.0_REF_50","Hector_GCAM_v5.3"
2020,0.561114982036,0.394873316,6.09489069253679,"ECS_3.0_REF_50","Hector_GCAM_v5.3"
2021,0.589417422706,0.414790586,6.43644083080939,"ECS_3.0_REF_50","Hector_GCAM_v5.3"
2022,0.618717352799,0.435409819,6.78430504992626,"ECS_3.0_REF_50","Hector_GCAM_v5.3"
2023,0.649000604945,0.456721045,7.1387222501041,"ECS_3.0_REF_50","Hector_GCAM_v5.3"
2024,0.680246721007,0.478709867,7.49992423287083,"ECS_3.0_REF_50","Hector_GCAM_v5.3"
2025,0.712428270001,0.501356981,7.86813379034306,"ECS_3.0_REF_50","Hector_GCAM_v5.3"
2026,0.7452857958,0.5244798,8.24349981916758,"ECS_3.0_REF_50","Hector_GCAM_v5.3"
2027,0.778754819108,0.548032948,8.62615231418036,"ECS_3.0_REF_50","Hector_GCAM_v5.3"
2028,0.812731351145,0.571943245,9.0161914193549,"ECS_3.0_REF_50","Hector_GCAM_v5.3"
2029,0.847129319099,0.596150119,9.413692613575,"ECS_3.0_REF_50","Hector_GCAM_v5.3"
2030,0.881885373369,0.620608989,9.8187132120272,"ECS_3.0_REF_50","Hector_GCAM_v5.3"
2031,0.916720590128,0.645123568,10.2312321369393,"ECS_3.0_REF_50","Hector_GCAM_v5.3"
2032,0.951570784227,0.669648687,10.6512104679169,"ECS_3.0_REF_50","Hector_GCAM_v5.3"
2033,0.986406907584,0.694163904,11.0786013784436,"ECS_3.0_REF_50","Hector_GCAM_v5.3"
2034,1.021202610596,0.718650676,11.5133509365527,"ECS_3.0_REF_50","Hector_GCAM_v5.3"
2035,1.0559185273,0.7430813,11.955394502721,"ECS_3.0_REF_50","Hector_GCAM_v5.3"
2036,1.090503385174,0.767419694,12.4046534590681,"ECS_3.0_REF_50","Hector_GCAM_v5.3"
2037,1.124928794059,0.791645879,12.8610416938738,"ECS_3.0_REF_50","Hector_GCAM_v5.3"
2038,1.159174689435,0.815745735,13.3244679747769,"ECS_3.0_REF_50","Hector_GCAM_v5.3"
2039,1.193230419486,0.839711766,13.7948386125767,"ECS_3.0_REF_50","Hector_GCAM_v5.3"
2040,1.227090729354,0.863540274,14.2720589858219,"ECS_3.0_REF_50","Hector_GCAM_v5.3"
2041,1.260753849894,0.887230014,14.7560345217287,"ECS_3.0_REF_50","Hector_GCAM_v5.3"
2042,1.294262095644,0.910810764,15.2466830337846,"ECS_3.0_REF_50","Hector_GCAM_v5.3"
2043,1.327653260941,0.934309121,15.7439333854752,"ECS_3.0_REF_50","Hector_GCAM_v5.3"
2044,1.36095148147,0.95774207,16.2477216040748,"ECS_3.0_REF_50","Hector_GCAM_v5.3"
2045,1.394172298708,0.981120548,16.7579884341791,"ECS_3.0_REF_50","Hector_GCAM_v5.3"
2046,1.427326441205,1.004452105,17.2746779635801,"ECS_3.0_REF_50","Hector_GCAM_v5.3"
2047,1.46039476667,1.02772327,17.7977292439766,"ECS_3.0_REF_50","Hector_GCAM_v5.3"
2048,1.493358463905,1.050920805,18.3270764125815,"ECS_3.0_REF_50","Hector_GCAM_v5.3"
2049,1.526206139332,1.074036692,18.8626507963658,"ECS_3.0_REF_50","Hector_GCAM_v5.3"
2050,1.558931186722,1.097066282,19.4043822680653,"ECS_3.0_REF_50","Hector_GCAM_v5.3"
2051,1.591580187876,1.120042356,19.9522141404913,"ECS_3.0_REF_50","Hector_GCAM_v5.3"
2052,1.624114561223,1.142937763,20.5060792542643,"ECS_3.0_REF_50","Hector_GCAM_v5.3"
2053,1.656498631137,1.165727397,21.0659008512976,"ECS_3.0_REF_50","Hector_GCAM_v5.3"
2054,1.688711471972,1.188396532,21.6315967580998,"ECS_3.0_REF_50","Hector_GCAM_v5.3"
2055,1.720740901495,1.210936595,22.2030818639538,"ECS_3.0_REF_50","Hector_GCAM_v5.3"
2056,1.752647022322,1.233389882,22.7802883684565,"ECS_3.0_REF_50","Hector_GCAM_v5.3"
2057,1.784426586047,1.255754107,23.3631479517219,"ECS_3.0_REF_50","Hector_GCAM_v5.3"
2058,1.81606292434,1.27801754,23.9515880214769,"ECS_3.0_REF_50","Hector_GCAM_v5.3"
2059,1.8475427068,1.3001708,24.5455326718151,"ECS_3.0_REF_50","Hector_GCAM_v5.3"
2060,1.878860854773,1.322210313,25.1449050116916,"ECS_3.0_REF_50","Hector_GCAM_v5.3"
2061,1.910034231266,1.344147946,25.749633311488,"ECS_3.0_REF_50","Hector_GCAM_v5.3"
2062,1.94105692634,1.36597954,26.3596445997901,"ECS_3.0_REF_50","Hector_GCAM_v5.3"
2063,1.971925825163,1.387702903,26.9748654528033,"ECS_3.0_REF_50","Hector_GCAM_v5.3"
2064,2.002640716006,1.409317886,27.5952228094556,"ECS_3.0_REF_50","Hector_GCAM_v5.3"
2065,2.033202786825,1.430825325,28.2206443610489,"ECS_3.0_REF_50","Hector_GCAM_v5.3"
2066,2.063596271625,1.452214125,28.8510538019622,"ECS_3.0_REF_50","Hector_GCAM_v5.3"
2067,2.093822538829,1.473485249,29.4863756481034,"ECS_3.0_REF_50","Hector_GCAM_v5.3"
2068,2.123885723547,1.494641607,30.1265360065114,"ECS_3.0_REF_50","Hector_GCAM_v5.3"
2069,2.153789693741,1.515685921,30.7714624914444,"ECS_3.0_REF_50","Hector_GCAM_v5.3"
2070,2.183538287532,1.536620892,31.4210842073657,"ECS_3.0_REF_50","Hector_GCAM_v5.3"
2071,2.213135733816,1.557449496,32.0753318497472,"ECS_3.0_REF_50","Hector_GCAM_v5.3"
2072,2.242584162672,1.578173232,32.734137108521,"ECS_3.0_REF_50","Hector_GCAM_v5.3"
2073,2.271886073639,1.598793859,33.3974327657666,"ECS_3.0_REF_50","Hector_GCAM_v5.3"
2074,2.301044476395,1.619313495,34.0651528322085,"ECS_3.0_REF_50","Hector_GCAM_v5.3"
2075,2.330062654871,1.639734451,34.737232616912,"ECS_3.0_REF_50","Hector_GCAM_v5.3"
2076,2.359297584161,1.660307941,35.41370770883,"ECS_3.0_REF_50","Hector_GCAM_v5.3"
2077,2.388688387204,1.680991124,36.0945964544706,"ECS_3.0_REF_50","Hector_GCAM_v5.3"
2078,2.418146726114,1.701721834,36.779892371417,"ECS_3.0_REF_50","Hector_GCAM_v5.3"
2079,2.447626608805,1.722467705,37.4695761425166,"ECS_3.0_REF_50","Hector_GCAM_v5.3"
2080,2.477093819018,1.743204658,38.1636189853932,"ECS_3.0_REF_50","Hector_GCAM_v5.3"
2081,2.506287005012,1.763748772,38.8619191374978,"ECS_3.0_REF_50","Hector_GCAM_v5.3"
2082,2.535223751662,1.784112422,39.5643803426798,"ECS_3.0_REF_50","Hector_GCAM_v5.3"
2083,2.563946690389,1.804325609,40.2709188294213,"ECS_3.0_REF_50","Hector_GCAM_v5.3"
2084,2.592480602012,1.824405772,40.9814582431646,"ECS_3.0_REF_50","Hector_GCAM_v5.3"
2085,2.620841587882,1.844364242,41.6959271745274,"ECS_3.0_REF_50","Hector_GCAM_v5.3"
2086,2.649002147386,1.864181666,42.4142469278201,"ECS_3.0_REF_50","Hector_GCAM_v5.3"
2087,2.676970717001,1.883863981,43.1363416207832,"ECS_3.0_REF_50","Hector_GCAM_v5.3"
2088,2.704759747529,1.903419949,43.8621392919241,"ECS_3.0_REF_50","Hector_GCAM_v5.3"
2089,2.732379021134,1.922856454,44.5915711311008,"ECS_3.0_REF_50","Hector_GCAM_v5.3"
2090,2.759836346211,1.942178991,45.3245709090042,"ECS_3.0_REF_50","Hector_GCAM_v5.3"
2091,2.787083086193,1.961353333,46.0610591648406,"ECS_3.0_REF_50","Hector_GCAM_v5.3"
2092,2.814132972203,1.980389143,46.8009607374778,"ECS_3.0_REF_50","Hector_GCAM_v5.3"
2093,2.841003655903,1.999298843,47.5442058379923,"ECS_3.0_REF_50","Hector_GCAM_v5.3"
2094,2.867707376366,2.018091046,48.2907285039507,"ECS_3.0_REF_50","Hector_GCAM_v5.3"
2095,2.894253416985,2.036772285,49.0404657501998,"ECS_3.0_REF_50","Hector_GCAM_v5.3"
2096,2.920631115997,2.055335057,49.793351969623,"ECS_3.0_REF_50","Hector_GCAM_v5.3"
2097,2.946848578786,2.073785066,50.5493242006475,"ECS_3.0_REF_50","Hector_GCAM_v5.3"
2098,2.972919186909,2.092131729,51.3083235887046,"ECS_3.0_REF_50","Hector_GCAM_v5.3"
2099,2.998839686276,2.110372756,52.0702907067392,"ECS_3.0_REF_50","Hector_GCAM_v5.3"
2100,3.024623059143,2.128517283,52.8351701026328,"ECS_3.0_REF_50","Hector_GCAM_v5.3"
2000,0.180417071744,0.126964864,0,"ECS_3.0_REF_70","Hector_GCAM_v5.3"
2001,0.223880410089,0.157551309,0.272735624085158,"ECS_3.0_REF_70","Hector_GCAM_v5.3"
2002,0.264065859526,0.185831006,0.555227758468943,"ECS_3.0_REF_70","Hector_GCAM_v5.3"
2003,0.298638944415,0.210161115,0.845849557103652,"ECS_3.0_REF_70","Hector_GCAM_v5.3"
2004,0.327760922678,0.230655118,1.14302865555777,"ECS_3.0_REF_70","Hector_GCAM_v5.3"
2005,0.347328257514,0.244425234,1.44405325215841,"ECS_3.0_REF_70","Hector_GCAM_v5.3"
2006,0.351570275028,0.247410468,1.74461206792488,"ECS_3.0_REF_70","Hector_GCAM_v5.3"
2007,0.34980262492,0.24616652,2.04302581077159,"ECS_3.0_REF_70","Hector_GCAM_v5.3"
2008,0.352726443258,0.248224098,2.34061981094891,"ECS_3.0_REF_70","Hector_GCAM_v5.3"
2009,0.371771300551,0.261626531,2.64191062305959,"ECS_3.0_REF_70","Hector_GCAM_v5.3"
2010,0.377408555335,0.265593635,2.9431245414384,"ECS_3.0_REF_70","Hector_GCAM_v5.3"
2011,0.384975278023,0.270918563,3.2448019977421,"ECS_3.0_REF_70","Hector_GCAM_v5.3"
2012,0.396146513574,0.278780094,3.54794911946606,"ECS_3.0_REF_70","Hector_GCAM_v5.3"
2013,0.409675689738,0.288300978,3.85321736843476,"ECS_3.0_REF_70","Hector_GCAM_v5.3"
2014,0.424862084416,0.298988096,4.16105834845055,"ECS_3.0_REF_70","Hector_GCAM_v5.3"
2015,0.441356488279,0.310595699,4.47182333323625,"ECS_3.0_REF_70","Hector_GCAM_v5.3"
2016,0.461098857632,0.324488992,4.78640452130228,"ECS_3.0_REF_70","Hector_GCAM_v5.3"
2017,0.483524326502,0.340270462,5.10553089220884,"ECS_3.0_REF_70","Hector_GCAM_v5.3"
2018,0.507932898921,0.357447501,5.42973132521499,"ECS_3.0_REF_70","Hector_GCAM_v5.3"
2019,0.533891186941,0.375715121,5.75941036597009,"ECS_3.0_REF_70","Hector_GCAM_v5.3"
2020,0.561114982036,0.394873316,6.09489069253679,"ECS_3.0_REF_70","Hector_GCAM_v5.3"
2021,0.589417422706,0.414790586,6.43644083080939,"ECS_3.0_REF_70","Hector_GCAM_v5.3"
2022,0.618717352799,0.435409819,6.78430504992626,"ECS_3.0_REF_70","Hector_GCAM_v5.3"
2023,0.649000604945,0.456721045,7.1387222501041,"ECS_3.0_REF_70","Hector_GCAM_v5.3"
2024,0.680246721007,0.478709867,7.49992423287083,"ECS_3.0_REF_70","Hector_GCAM_v5.3"
2025,0.712428270001,0.501356981,7.86813379034306,"ECS_3.0_REF_70","Hector_GCAM_v5.3"
2026,0.7452857958,0.5244798,8.24349981916758,"ECS_3.0_REF_70","Hector_GCAM_v5.3"
2027,0.77873681788,0.54802028,8.6261472761022,"ECS_3.0_REF_70","Hector_GCAM_v5.3"
2028,0.812646196299,0.571883319,9.01616257759213,"ECS_3.0_REF_70","Hector_GCAM_v5.3"
2029,0.846905738959,0.595992779,9.41360136327063,"ECS_3.0_REF_70","Hector_GCAM_v5.3"
2030,0.881437569376,0.620293856,9.81849715739355,"ECS_3.0_REF_70","Hector_GCAM_v5.3"
2031,0.915952707306,0.644583186,10.2308024134564,"ECS_3.0_REF_70","Hector_GCAM_v5.3"
2032,0.950379798655,0.668810555,10.6504498880495,"ECS_3.0_REF_70","Hector_GCAM_v5.3"
2033,0.984684605849,0.692951869,11.0773631420122,"ECS_3.0_REF_70","Hector_GCAM_v5.3"
2034,1.018837019319,0.716985939,11.5114577486042,"ECS_3.0_REF_70","Hector_GCAM_v5.3"
2035,1.052796942708,0.740884548,11.9526385443676,"ECS_3.0_REF_70","Hector_GCAM_v5.3"
2036,1.086507364075,0.764607575,12.4007949565972,"ECS_3.0_REF_70","Hector_GCAM_v5.3"
2037,1.119939658796,0.788134876,12.8558090367757,"ECS_3.0_REF_70","Hector_GCAM_v5.3"
2038,1.153073709774,0.811452294,13.317557884,"ECS_3.0_REF_70","Hector_GCAM_v5.3"
2039,1.185898555415,0.834552115,13.7859162358319,"ECS_3.0_REF_70","Hector_GCAM_v5.3"
2040,1.218408771762,0.857430522,14.2607580317112,"ECS_3.0_REF_70","Hector_GCAM_v5.3"
2041,1.250602615248,0.880086288,14.7419574475888,"ECS_3.0_REF_70","Hector_GCAM_v5.3"
2042,1.282522647665,0.902549365,15.2294012944915,"ECS_3.0_REF_70","Hector_GCAM_v5.3"
2043,1.314207092492,0.924846652,15.7229877317251,"ECS_3.0_REF_70","Hector_GCAM_v5.3"
2044,1.345680632499,0.946995519,16.2226224119601,"ECS_3.0_REF_70","Hector_GCAM_v5.3"
2045,1.376959451455,0.969007355,16.7282160595156,"ECS_3.0_REF_70","Hector_GCAM_v5.3"
2046,1.408054986989,0.990890209,17.2396831128906,"ECS_3.0_REF_70","Hector_GCAM_v5.3"
2047,1.438948830046,1.012631126,17.7569333501026,"ECS_3.0_REF_70","Hector_GCAM_v5.3"
2048,1.469622899822,1.034217382,18.2798720073412,"ECS_3.0_REF_70","Hector_GCAM_v5.3"
2049,1.500066575763,1.055641503,18.8084018930016,"ECS_3.0_REF_70","Hector_GCAM_v5.3"
2050,1.530274054505,1.076899405,19.3424247498446,"ECS_3.0_REF_70","Hector_GCAM_v5.3"
2051,1.560292732082,1.098024442,19.8818561502558,"ECS_3.0_REF_70","Hector_GCAM_v5.3"
2052,1.590084828367,1.118990027,20.4266015781612,"ECS_3.0_REF_70","Hector_GCAM_v5.3"
2053,1.619615456389,1.139771609,20.976557296726,"ECS_3.0_REF_70","Hector_GCAM_v5.3"
2054,1.648864476315,1.160355015,21.5316145286902,"ECS_3.0_REF_70","Hector_GCAM_v5.3"
2055,1.677820497409,1.180732229,22.0916619339822,"ECS_3.0_REF_70","Hector_GCAM_v5.3"
2056,1.706549525121,1.200949701,22.6566072856387,"ECS_3.0_REF_70","Hector_GCAM_v5.3"
2057,1.735038999232,1.220998592,23.2263553714606,"ECS_3.0_REF_70","Hector_GCAM_v5.3"
2058,1.763276039798,1.240869838,23.800807921686,"ECS_3.0_REF_70","Hector_GCAM_v5.3"
2059,1.791250125735,1.260556035,24.3798642867471,"ECS_3.0_REF_70","Hector_GCAM_v5.3"
2060,1.818957234192,1.280054352,24.9634232696344,"ECS_3.0_REF_70","Hector_GCAM_v5.3"
2061,1.846414917361,1.299377141,25.5513891673391,"ECS_3.0_REF_70","Hector_GCAM_v5.3"
2062,1.87361794312,1.31852072,26.1436653625386,"ECS_3.0_REF_70","Hector_GCAM_v5.3"
2063,1.900563927031,1.337483411,26.7401551258441,"ECS_3.0_REF_70","Hector_GCAM_v5.3"
2064,1.927253356497,1.356265557,27.3407624201985,"ECS_3.0_REF_70","Hector_GCAM_v5.3"
2065,1.953688104396,1.374868476,27.9453922846564,"ECS_3.0_REF_70","Hector_GCAM_v5.3"
2066,1.979853059814,1.393281534,28.5539460748755,"ECS_3.0_REF_70","Hector_GCAM_v5.3"
2067,2.005750240571,1.411506151,29.1663262781746,"ECS_3.0_REF_70","Hector_GCAM_v5.3"
2068,2.031384401333,1.429545673,29.7824372730029,"ECS_3.0_REF_70","Hector_GCAM_v5.3"
2069,2.056760013987,1.447403247,30.4021852389285,"ECS_3.0_REF_70","Hector_GCAM_v5.3"
2070,2.08188149358,1.46508198,31.0254781303792,"ECS_3.0_REF_70","Hector_GCAM_v5.3"
2071,2.106753628882,1.482585242,31.6522257710376,"ECS_3.0_REF_70","Hector_GCAM_v5.3"
2072,2.13137908711,1.49991491,32.2823392493305,"ECS_3.0_REF_70","Hector_GCAM_v5.3"
2073,2.155760885047,1.517073107,32.9157310089944,"ECS_3.0_REF_70","Hector_GCAM_v5.3"
2074,2.179902535405,1.534062305,33.5523149800845,"ECS_3.0_REF_70","Hector_GCAM_v5.3"
2075,2.203807800992,1.550885152,34.1920066404277,"ECS_3.0_REF_70","Hector_GCAM_v5.3"
2076,2.227834115885,1.567793185,34.8348219901692,"ECS_3.0_REF_70","Hector_GCAM_v5.3"
2077,2.251927770547,1.584748607,35.4807619055929,"ECS_3.0_REF_70","Hector_GCAM_v5.3"
2078,2.275992020456,1.601683336,36.1298001816616,"ECS_3.0_REF_70","Hector_GCAM_v5.3"
2079,2.29998286861,1.61856641,36.781898450323,"ECS_3.0_REF_70","Hector_GCAM_v5.3"
2080,2.32386898338,1.63537578,37.4370097951225,"ECS_3.0_REF_70","Hector_GCAM_v5.3"
2081,2.347388781402,1.651927362,38.0950143588264,"ECS_3.0_REF_70","Hector_GCAM_v5.3"
2082,2.370560512579,1.668233999,38.7557980807157,"ECS_3.0_REF_70","Hector_GCAM_v5.3"
2083,2.393426595182,1.684325542,39.4192594273742,"ECS_3.0_REF_70","Hector_GCAM_v5.3"
2084,2.416011834187,1.700219447,40.0853043911868,"ECS_3.0_REF_70","Hector_GCAM_v5.3"
2085,2.438332521359,1.715927179,40.7538440644598,"ECS_3.0_REF_70","Hector_GCAM_v5.3"
2086,2.460361286817,1.731429477,41.424782390346,"ECS_3.0_REF_70","Hector_GCAM_v5.3"
2087,2.482106792977,1.746732437,42.0980262884394,"ECS_3.0_REF_70","Hector_GCAM_v5.3"
2088,2.50358175921,1.76184501,42.7734867731064,"ECS_3.0_REF_70","Hector_GCAM_v5.3"
2089,2.524796236249,1.776774269,43.4510781830694,"ECS_3.0_REF_70","Hector_GCAM_v5.3"
2090,2.545758285427,1.791525887,44.1307176055202,"ECS_3.0_REF_70","Hector_GCAM_v5.3"
2091,2.566419489011,1.806065791,44.8123090532938,"ECS_3.0_REF_70","Hector_GCAM_v5.3"
2092,2.586793772801,1.820403781,45.4957609883514,"ECS_3.0_REF_70","Hector_GCAM_v5.3"
2093,2.606898954716,1.834552396,46.1809873855137,"ECS_3.0_REF_70","Hector_GCAM_v5.3"
2094,2.626747437244,1.848520364,46.8679061851392,"ECS_3.0_REF_70","Hector_GCAM_v5.3"
2095,2.646348654404,1.862314324,47.5564384395356,"ECS_3.0_REF_70","Hector_GCAM_v5.3"
2096,2.665692076586,1.875926866,48.2465027077718,"ECS_3.0_REF_70","Hector_GCAM_v5.3"
2097,2.68482073167,1.88938827,48.9380300593632,"ECS_3.0_REF_70","Hector_GCAM_v5.3"
2098,2.703701557249,1.902675269,49.6309427066691,"ECS_3.0_REF_70","Hector_GCAM_v5.3"
2099,2.722336407728,1.915789168,50.3251638281084,"ECS_3.0_REF_70","Hector_GCAM_v5.3"
2100,2.740752819245,1.928749345,51.0206247502608,"ECS_3.0_REF_70","Hector_GCAM_v5.3"
2000,0.180417071744,0.126964864,0,"ECS_3.0_REF_90","Hector_GCAM_v5.3"
2001,0.223880410089,0.157551309,0.272735624085158,"ECS_3.0_REF_90","Hector_GCAM_v5.3"
2002,0.264065859526,0.185831006,0.555227758468943,"ECS_3.0_REF_90","Hector_GCAM_v5.3"
2003,0.298638944415,0.210161115,0.845849557103652,"ECS_3.0_REF_90","Hector_GCAM_v5.3"
2004,0.327760922678,0.230655118,1.14302865555777,"ECS_3.0_REF_90","Hector_GCAM_v5.3"
2005,0.347328257514,0.244425234,1.44405325215841,"ECS_3.0_REF_90","Hector_GCAM_v5.3"
2006,0.351570275028,0.247410468,1.74461206792488,"ECS_3.0_REF_90","Hector_GCAM_v5.3"
2007,0.34980262492,0.24616652,2.04302581077159,"ECS_3.0_REF_90","Hector_GCAM_v5.3"
2008,0.352726443258,0.248224098,2.34061981094891,"ECS_3.0_REF_90","Hector_GCAM_v5.3"
2009,0.371771300551,0.261626531,2.64191062305959,"ECS_3.0_REF_90","Hector_GCAM_v5.3"
2010,0.377408555335,0.265593635,2.9431245414384,"ECS_3.0_REF_90","Hector_GCAM_v5.3"
2011,0.384975278023,0.270918563,3.2448019977421,"ECS_3.0_REF_90","Hector_GCAM_v5.3"
2012,0.396146513574,0.278780094,3.54794911946606,"ECS_3.0_REF_90","Hector_GCAM_v5.3"
2013,0.409675689738,0.288300978,3.85321736843476,"ECS_3.0_REF_90","Hector_GCAM_v5.3"
2014,0.424862084416,0.298988096,4.16105834845055,"ECS_3.0_REF_90","Hector_GCAM_v5.3"
2015,0.441356488279,0.310595699,4.47182333323625,"ECS_3.0_REF_90","Hector_GCAM_v5.3"
2016,0.461098857632,0.324488992,4.78640452130228,"ECS_3.0_REF_90","Hector_GCAM_v5.3"
2017,0.483524326502,0.340270462,5.10553089220884,"ECS_3.0_REF_90","Hector_GCAM_v5.3"
2018,0.507932898921,0.357447501,5.42973132521499,"ECS_3.0_REF_90","Hector_GCAM_v5.3"
2019,0.533891186941,0.375715121,5.75941036597009,"ECS_3.0_REF_90","Hector_GCAM_v5.3"
2020,0.561114982036,0.394873316,6.09489069253679,"ECS_3.0_REF_90","Hector_GCAM_v5.3"
2021,0.589417422706,0.414790586,6.43644083080939,"ECS_3.0_REF_90","Hector_GCAM_v5.3"
2022,0.618717352799,0.435409819,6.78430504992626,"ECS_3.0_REF_90","Hector_GCAM_v5.3"
2023,0.649000604945,0.456721045,7.1387222501041,"ECS_3.0_REF_90","Hector_GCAM_v5.3"
2024,0.680246721007,0.478709867,7.49992423287083,"ECS_3.0_REF_90","Hector_GCAM_v5.3"
2025,0.712428270001,0.501356981,7.86813379034306,"ECS_3.0_REF_90","Hector_GCAM_v5.3"
2026,0.7452857958,0.5244798,8.24349981916758,"ECS_3.0_REF_90","Hector_GCAM_v5.3"
2027,0.778718863545,0.548007645,8.62614225114818,"ECS_3.0_REF_90","Hector_GCAM_v5.3"
2028,0.81256126455,0.57182355,9.01613381131716,"ECS_3.0_REF_90","Hector_GCAM_v5.3"
2029,0.846682724377,0.595835837,9.41351034630529,"ECS_3.0_REF_90","Hector_GCAM_v5.3"
2030,0.880990836817,0.619979477,9.81828163462455,"ECS_3.0_REF_90","Hector_GCAM_v5.3"
2031,0.915186539631,0.644044011,10.2303736988068,"ECS_3.0_REF_90","Hector_GCAM_v5.3"
2032,0.949191247256,0.667974136,10.6496909924794,"ECS_3.0_REF_90","Hector_GCAM_v5.3"
2033,0.982965447366,0.691742046,11.0761274599132,"ECS_3.0_REF_90","Hector_GCAM_v5.3"
2034,1.01647516243,0.71532383,11.5095681454668,"ECS_3.0_REF_90","Hector_GCAM_v5.3"
2035,1.049679432123,0.738690663,11.9498872904321,"ECS_3.0_REF_90","Hector_GCAM_v5.3"
2036,1.082515361564,0.761798284,12.3969422562061,"ECS_3.0_REF_90","Hector_GCAM_v5.3"
2037,1.114953912618,0.784626258,12.8505830969294,"ECS_3.0_REF_90","Hector_GCAM_v5.3"
2038,1.146974730881,0.807160261,13.3106550318333,"ECS_3.0_REF_90","Hector_GCAM_v5.3"
2039,1.178566346041,0.829392221,13.7770009594547,"ECS_3.0_REF_90","Hector_GCAM_v5.3"
2040,1.209722946208,0.851318048,14.2494630546189,"ECS_3.0_REF_90","Hector_GCAM_v5.3"
2041,1.240442590296,0.872936376,14.7278838559373,"ECS_3.0_REF_90","Hector_GCAM_v5.3"
2042,1.270767841518,0.894277158,15.2121187193184,"ECS_3.0_REF_90","Hector_GCAM_v5.3"
2043,1.300737099557,0.915367417,15.7020345790415,"ECS_3.0_REF_90","Hector_GCAM_v5.3"
2044,1.330375337067,0.936224727,16.1975061233356,"ECS_3.0_REF_90","Hector_GCAM_v5.3"
2045,1.359699101593,0.956860733,16.6984133918464,"ECS_3.0_REF_90","Hector_GCAM_v5.3"
2046,1.388720262748,0.977283788,17.2046404356494,"ECS_3.0_REF_90","Hector_GCAM_v5.3"
2047,1.417420849145,0.997481245,17.7160669424708,"ECS_3.0_REF_90","Hector_GCAM_v5.3"
2048,1.44578322049,1.01744069,18.2325683544291,"ECS_3.0_REF_90","Hector_GCAM_v5.3"
2049,1.473797222317,1.037154977,18.7540179875247,"ECS_3.0_REF_90","Hector_GCAM_v5.3"
2050,1.501457537244,1.056620364,19.2802883976336,"ECS_3.0_REF_90","Hector_GCAM_v5.3"
2051,1.528812058655,1.075870555,19.8112662771931,"ECS_3.0_REF_90","Hector_GCAM_v5.3"
2052,1.555823488142,1.094879302,20.3468285309782,"ECS_3.0_REF_90","Hector_GCAM_v5.3"
2053,1.58245738777,1.11362237,20.8868431329246,"ECS_3.0_REF_90","Hector_GCAM_v5.3"
2054,1.608694073847,1.132085907,21.4311733067864,"ECS_3.0_REF_90","Hector_GCAM_v5.3"
2055,1.634522597568,1.150262208,21.9796799981055,"ECS_3.0_REF_90","Hector_GCAM_v5.3"
2056,1.660014679645,1.168201745,22.5322450243636,"ECS_3.0_REF_90","Hector_GCAM_v5.3"
2057,1.685150335134,1.185890454,23.0887452889882,"ECS_3.0_REF_90","Hector_GCAM_v5.3"
2058,1.709918912219,1.203320839,23.6490554216945,"ECS_3.0_REF_90","Hector_GCAM_v5.3"
2059,1.734312977649,1.220487669,24.2130486923464,"ECS_3.0_REF_90","Hector_GCAM_v5.3"
2060,1.758328279792,1.237387952,24.7805979092245,"ECS_3.0_REF_90","Hector_GCAM_v5.3"
2061,1.781982815613,1.254034353,25.3515816484856,"ECS_3.0_REF_90","Hector_GCAM_v5.3"
2062,1.805271360095,1.270423195,25.9258777217819,"ECS_3.0_REF_90","Hector_GCAM_v5.3"
2063,1.82819157143,1.28655283,26.5033639875906,"ECS_3.0_REF_90","Hector_GCAM_v5.3"
2064,1.850744147329,1.302423749,27.0839192016269,"ECS_3.0_REF_90","Hector_GCAM_v5.3"
2065,1.872931151084,1.318037404,27.6674233938789,"ECS_3.0_REF_90","Hector_GCAM_v5.3"
2066,1.894737673563,1.333383303,28.2537531111415,"ECS_3.0_REF_90","Hector_GCAM_v5.3"
2067,1.916165928684,1.348463004,28.8427862293334,"ECS_3.0_REF_90","Hector_GCAM_v5.3"
2068,1.937220857264,1.363279984,29.434402709047,"ECS_3.0_REF_90","Hector_GCAM_v5.3"
2069,1.957907091763,1.377837503,30.0284844972666,"ECS_3.0_REF_90","Hector_GCAM_v5.3"
2070,1.978229197854,1.392138774,30.6249154972602,"ECS_3.0_REF_90","Hector_GCAM_v5.3"
2071,1.998192087934,1.406187254,31.2235816543756,"ECS_3.0_REF_90","Hector_GCAM_v5.3"
2072,2.017798537216,1.419984896,31.8243703461619,"ECS_3.0_REF_90","Hector_GCAM_v5.3"
2073,2.03705164348,1.43353388,32.4271704644164,"ECS_3.0_REF_90","Hector_GCAM_v5.3"
2074,2.055954980541,1.446836721,33.0318725397121,"ECS_3.0_REF_90","Hector_GCAM_v5.3"
2075,2.074512349574,1.459896094,33.6383687956116,"ECS_3.0_REF_90","Hector_GCAM_v5.3"
2076,2.093111385169,1.472984789,34.246660563983,"ECS_3.0_REF_90","Hector_GCAM_v5.3"
2077,2.111656138564,1.486035284,34.8567223154676,"ECS_3.0_REF_90","Hector_GCAM_v5.3"
2078,2.130052363355,1.498981255,35.4685022903002,"ECS_3.0_REF_90","Hector_GCAM_v5.3"
2079,2.148265348775,1.511798275,36.0819393115441,"ECS_3.0_REF_90","Hector_GCAM_v5.3"
2080,2.166266417623,1.524466163,36.6969645278516,"ECS_3.0_REF_90","Hector_GCAM_v5.3"
2081,2.183785604056,1.536794936,37.3134339271191,"ECS_3.0_REF_90","Hector_GCAM_v5.3"
2082,2.200839756871,1.548796451,37.9312090404458,"ECS_3.0_REF_90","Hector_GCAM_v5.3"
2083,2.217478936477,1.560505937,38.5501662053472,"ECS_3.0_REF_90","Hector_GCAM_v5.3"
2084,2.233729292116,1.571941796,39.1701897885439,"ECS_3.0_REF_90","Hector_GCAM_v5.3"
2085,2.249601994269,1.583111889,39.7911679476481,"ECS_3.0_REF_90","Hector_GCAM_v5.3"
2086,2.265068506414,1.593996134,40.4129814964148,"ECS_3.0_REF_90","Hector_GCAM_v5.3"
2087,2.280140924103,1.604603043,41.0355153188136,"ECS_3.0_REF_90","Hector_GCAM_v5.3"
2088,2.294832891778,1.614942218,41.6586587791313,"ECS_3.0_REF_90","Hector_GCAM_v5.3"
2089,2.30915192795,1.62501895,42.2823039817333,"ECS_3.0_REF_90","Hector_GCAM_v5.3"
2090,2.323105102094,1.634838214,42.9063456296423,"ECS_3.0_REF_90","Hector_GCAM_v5.3"
2091,2.336645465791,1.644366971,43.5306658913922,"ECS_3.0_REF_90","Hector_GCAM_v5.3"
2092,2.349787348405,1.653615305,44.155151623132,"ECS_3.0_REF_90","Hector_GCAM_v5.3"
2093,2.362547109909,1.662594729,44.7796949100002,"ECS_3.0_REF_90","Hector_GCAM_v5.3"
2094,2.374936281718,1.671313358,45.404191684685,"ECS_3.0_REF_90","Hector_GCAM_v5.3"
2095,2.386964719888,1.679778128,46.0285412364219,"ECS_3.0_REF_90","Hector_GCAM_v5.3"
2096,2.398621913282,1.687981642,46.652640491453,"ECS_3.0_REF_90","Hector_GCAM_v5.3"
2097,2.409915107579,1.695928999,47.2763889962807,"ECS_3.0_REF_90","Hector_GCAM_v5.3"
2098,2.420852315798,1.703625838,47.8996891173675,"ECS_3.0_REF_90","Hector_GCAM_v5.3"
2099,2.431440058908,1.711076748,48.5224456073431,"ECS_3.0_REF_90","Hector_GCAM_v5.3"
2100,2.441683627292,1.718285452,49.1445652468815,"ECS_3.0_REF_90","Hector_GCAM_v5.3"
